SessionID,Session Name,Country,Device,User Agent,Browser,Date,Time (MILLISECONDS),Status,Je trouve que la gestion simultanée de deux ou plusieurs courriels (suppression marquage comme lu etc.) est un véritable jeu d'enfant:,Je préfère généralement afficher les courriels dans une orientation:,Si j'utilise la vue horizontale des courriers électroniques le fait de cliquer sur « Répondre » m'amène à espérer pouvoir répondre:,Il me semble que les icônes de gestion des e-mails sont:,L'utilisation du bouton « Ajouter étiquette » est claire pour moi:,Je trouve que les icônes pour la gestion du courrier électronique sont:,Je trouve que le fonctionnement des étiquettes des courriers électroniques est confus:,Je pense que le déplacement de courriers électroniques d'un dossier à l'autre est une opération:,La recherche d'un courrier électronique dans un dossier donné est:,En général je considère que l'utilisation des Mails est:
e6a61fa9-1d6d-4ae8-a198-6d49f4625b43,oKmiYB,FR,Desktop,Mozilla/5.0 (Windows NT 10.0; Win64; x64; rv:135.0) Gecko/20100101 Firefox/135.0,Firefox,"Wed, 05 Mar 2025 16:27:50 +0000",511159,SUCCESS,1.0,2.0,1.0,2.0,5.0,1.0,2.0,5.0,3.0,8.0
e532ba08-bb37-4d5d-9de9-1a2f65bb7a7f,RJPMgk,FR,Desktop,Mozilla/5.0 (Windows NT 10.0; Win64; x64; rv:128.0) Gecko/20100101 Firefox/128.0,Firefox,"Wed, 05 Mar 2025 16:32:14 +0000",90386,DROP_OFF,4.0,1.0,1.0,3.0,4.0,,,,,
2bed9971-5af5-4655-9994-f31b88b367fb,7pfWnX,FR,Desktop,"Mozilla/5.0 (Windows NT 10.0; Win64; x64) AppleWebKit/537.36 (KHTML, like Gecko) Chrome/133.0.0.0 Safari/537.36 Edg/133.0.0.0",Edge,"Wed, 05 Mar 2025 16:42:21 +0000",93684,SUCCESS,1.0,1.0,2.0,1.0,1.0,1.0,5.0,2.0,1.0,0.0
2af2bd02-c605-4174-9c63-c0b41810055f,pEJtBv,FR,Desktop,"Mozilla/5.0 (Windows NT 10.0; Win64; x64) AppleWebKit/537.36 (KHTML, like Gecko) Chrome/131.0.0.0 Safari/537.36",Chrome,"Wed, 05 Mar 2025 16:50:58 +0000",25434,DROP_OFF,2.0,1.0,,,,,,,,
e42b7bad-8b8e-4be2-9b3b-8b6b4a6c74e2,XyUrSx,FR,Mobile,Mozilla/5.0 (Android 14; Mobile; rv:135.0) Gecko/135.0 Firefox/135.0,Firefox,"Wed, 05 Mar 2025 16:51:55 +0000",346813,SUCCESS,4.0,1.0,2.0,2.0,3.0,1.0,4.0,4.0,1.0,6.0
aadf7317-6c40-4933-8d50-32840b40abfd,kh3whg,FR,Desktop,"Mozilla/5.0 (Windows NT 10.0; Win64; x64) AppleWebKit/537.36 (KHTML, like Gecko) Chrome/133.0.0.0 Safari/537.36",Chrome,"Wed, 05 Mar 2025 18:35:09 +0000",94529,SUCCESS,2.0,2.0,2.0,4.0,2.0,2.0,4.0,2.0,4.0,6.0
159d78b7-1012-462b-b947-2fb6ce7edf87,mPmOCi,FR,Desktop,Mozilla/5.0 (Windows NT 10.0; Win64; x64; rv:128.0) Gecko/20100101 Firefox/128.0,Firefox,"Wed, 05 Mar 2025 19:30:48 +0000",296647,SUCCESS,2.0,2.0,1.0,3.0,2.0,4.0,3.0,2.0,1.0,6.0
f7a085fd-07e6-413a-bb5c-2a1747c591ac,aMOewz,FR,Mobile,"Mozilla/5.0 (Linux; Android 10; K) AppleWebKit/537.36 (KHTML, like Gecko) Chrome/119.0.0.0 Mobile Safari/537.36",Chrome,"Wed, 05 Mar 2025 22:53:40 +0000",155948,SUCCESS,4.0,2.0,2.0,4.0,3.0,5.0,3.0,4.0,4.0,8.0
7719fba6-5649-46fa-935c-cb5bf0fc7551,DUUmAJ,FR,Desktop,"Mozilla/5.0 (Windows NT 10.0; Win64; x64) AppleWebKit/537.36 (KHTML, like Gecko) Chrome/133.0.0.0 Safari/537.36",Chrome,"Thu, 06 Mar 2025 03:30:19 +0000",223883,SUCCESS,2.0,1.0,2.0,2.0,2.0,2.0,3.0,2.0,3.0,3.0
2fe428a4-35e9-4497-ba24-9bceb9e8b472,6O3DtP,RE,Desktop,Mozilla/5.0 (Windows NT 10.0; Win64; x64; rv:128.0) Gecko/20100101 Firefox/128.0,Firefox,"Thu, 06 Mar 2025 05:50:36 +0000",268680,SUCCESS,1.0,2.0,2.0,2.0,2.0,1.0,4.0,1.0,2.0,1.0
1e081f6f-2b5c-443b-94d1-e1dd3f0e1149,aZIRZ6,FR,Desktop,"Mozilla/5.0 (Windows NT 10.0; Win64; x64) AppleWebKit/537.36 (KHTML, like Gecko) Chrome/134.0.0.0 Safari/537.36",Chrome,"Thu, 06 Mar 2025 07:21:49 +0000",139703,SUCCESS,1.0,1.0,2.0,2.0,2.0,5.0,2.0,4.0,2.0,5.0
a78258aa-a2cb-440b-b11a-950842473954,SCsWOR,FR,Mobile,"Mozilla/5.0 (Linux; Android 10; K) AppleWebKit/537.36 (KHTML, like Gecko) SamsungBrowser/26.0 Chrome/122.0.0.0 Mobile Safari/537.36",Samsung Browser,"Thu, 06 Mar 2025 07:28:49 +0000",219407,SUCCESS,3.0,2.0,2.0,3.0,3.0,5.0,4.0,3.0,2.0,3.0
e66c1c75-24d2-41cc-9876-8ddbdbcb502c,1NDZE0,FR,Desktop,"Mozilla/5.0 (Windows NT 10.0; Win64; x64) AppleWebKit/537.36 (KHTML, like Gecko) Chrome/133.0.0.0 Safari/537.36 Edg/133.0.0.0",Edge,"Thu, 06 Mar 2025 07:33:31 +0000",112843,SUCCESS,1.0,3.0,2.0,1.0,1.0,5.0,4.0,2.0,2.0,4.0
5969d4b8-8901-4e2f-ad0c-2993cc4e50ee,fqUyv1,FR,Desktop,"Mozilla/5.0 (Macintosh; Intel Mac OS X 10_15_7) AppleWebKit/537.36 (KHTML, like Gecko) Chrome/133.0.0.0 Safari/537.36",Chrome,"Thu, 06 Mar 2025 07:41:08 +0000",352831,SUCCESS,4.0,1.0,2.0,3.0,3.0,2.0,3.0,2.0,2.0,4.0
1cccd89e-55f4-4985-883b-52bb5ea38479,hRAft3,FR,Desktop,"Mozilla/5.0 (Windows NT 10.0; Win64; x64) AppleWebKit/537.36 (KHTML, like Gecko) Chrome/133.0.0.0 Safari/537.36",Chrome,"Thu, 06 Mar 2025 07:46:03 +0000",108815,SUCCESS,3.0,1.0,1.0,1.0,3.0,1.0,3.0,4.0,1.0,3.0
65cedf0a-7f15-405b-8de6-61a00387182f,EZOCc5,FR,Desktop,Mozilla/5.0 (Windows NT 10.0; Win64; x64; rv:135.0) Gecko/20100101 Firefox/135.0,Firefox,"Thu, 06 Mar 2025 07:47:29 +0000",1295881,SUCCESS,1.0,1.0,1.0,3.0,3.0,2.0,3.0,4.0,3.0,4.0
1e3d987a-4d06-4f67-a6ae-62556433e0ad,i9kuMK,FR,Desktop,Mozilla/5.0 (Windows NT 10.0; Win64; x64; rv:136.0) Gecko/20100101 Firefox/136.0,Firefox,"Thu, 06 Mar 2025 07:48:09 +0000",43942,DROP_OFF,3.0,,,,,,,,,
8cdfc269-f698-4a40-946a-d7e769279348,AvBbTy,FR,Desktop,Mozilla/5.0 (Windows NT 10.0; Win64; x64; rv:136.0) Gecko/20100101 Firefox/136.0,Firefox,"Thu, 06 Mar 2025 07:48:58 +0000",4280325,DROP_OFF,2.0,,,,,,,,,
31a3d9d1-d742-4040-9722-9b4378279a63,OS3udo,FR,Desktop,Mozilla/5.0 (Windows NT 10.0; Win64; x64; rv:135.0) Gecko/20100101 Firefox/135.0,Firefox,"Thu, 06 Mar 2025 08:05:37 +0000",57387,DROP_OFF,4.0,2.0,,,,,,,,
336ea9a7-3bc9-43bb-85f6-6cbd3538ccdb,cJeVgA,FR,Desktop,Mozilla/5.0 (Windows NT 10.0; Win64; x64; rv:135.0) Gecko/20100101 Firefox/135.0,Firefox,"Thu, 06 Mar 2025 08:08:30 +0000",136623,DROP_OFF,1.0,1.0,,,,,,,,
dd020c24-1705-415f-b72a-5b4eabf4b161,IJP25P,FR,Desktop,"Mozilla/5.0 (Macintosh; Intel Mac OS X 10_15_7) AppleWebKit/537.36 (KHTML, like Gecko) Chrome/133.0.0.0 Safari/537.36",Chrome,"Thu, 06 Mar 2025 08:10:50 +0000",115210,SUCCESS,2.0,1.0,2.0,1.0,4.0,1.0,5.0,5.0,3.0,7.0
a719e033-00bb-4e39-871d-4f4b3ef4a93c,tKuWFN,FR,Desktop,"Mozilla/5.0 (Windows NT 10.0; Win64; x64) AppleWebKit/537.36 (KHTML, like Gecko) Chrome/133.0.0.0 Safari/537.36",Chrome,"Thu, 06 Mar 2025 08:13:33 +0000",253285,SUCCESS,3.0,1.0,1.0,3.0,3.0,5.0,4.0,4.0,5.0,9.0
93966d61-77fb-4820-b350-e4f8f7e1bdcb,2JIeHA,FR,Desktop,"Mozilla/5.0 (Windows NT 10.0; Win64; x64) AppleWebKit/537.36 (KHTML, like Gecko) Chrome/133.0.0.0 Safari/537.36 Edg/133.0.0.0",Edge,"Thu, 06 Mar 2025 08:16:43 +0000",296062,SUCCESS,3.0,1.0,1.0,4.0,4.0,5.0,4.0,4.0,4.0,8.0
dea84a1b-fbce-415f-bde3-cd7629c41db7,3ElwwH,FR,Desktop,Mozilla/5.0 (X11; Ubuntu; Linux x86_64; rv:135.0) Gecko/20100101 Firefox/135.0,Firefox,"Thu, 06 Mar 2025 08:20:53 +0000",550500,SUCCESS,1.0,2.0,1.0,2.0,1.0,1.0,5.0,2.0,3.0,3.0
ca64c552-0eec-4b46-8085-312f64342f78,S1a6LZ,FR,Desktop,"Mozilla/5.0 (Windows NT 10.0; Win64; x64) AppleWebKit/537.36 (KHTML, like Gecko) Chrome/133.0.0.0 Safari/537.36 Edg/133.0.0.0",Edge,"Thu, 06 Mar 2025 08:22:50 +0000",268321,SUCCESS,2.0,2.0,2.0,2.0,1.0,1.0,4.0,3.0,2.0,4.0
402f7f11-f50e-406f-99fd-75fc688a3fef,swlsZw,FR,Desktop,Mozilla/5.0 (Windows NT 10.0; Win64; x64; rv:135.0) Gecko/20100101 Firefox/135.0,Firefox,"Thu, 06 Mar 2025 08:24:28 +0000",168806,SUCCESS,3.0,1.0,2.0,3.0,3.0,5.0,3.0,4.0,4.0,5.0
3986cd63-7607-43d9-ad34-816b38ea5285,MeCqri,FR,Desktop,Mozilla/5.0 (Windows NT 10.0; Win64; x64; rv:135.0) Gecko/20100101 Firefox/135.0,Firefox,"Thu, 06 Mar 2025 08:34:28 +0000",672212,SUCCESS,1.0,1.0,2.0,1.0,1.0,1.0,4.0,4.0,3.0,2.0
14d476d8-5829-4a6a-8830-ec73834b733a,7cPtpU,FR,Desktop,"Mozilla/5.0 (X11; Linux x86_64) AppleWebKit/537.36 (KHTML, like Gecko) Chrome/133.0.0.0 Safari/537.36",Chrome,"Thu, 06 Mar 2025 08:36:52 +0000",276462,SUCCESS,2.0,2.0,1.0,2.0,2.0,1.0,4.0,4.0,2.0,3.0
91aa8582-e3f6-4fab-87f6-aaa0bf3d3813,n7MG58,FR,Desktop,"Mozilla/5.0 (Windows NT 10.0; Win64; x64) AppleWebKit/537.36 (KHTML, like Gecko) Chrome/133.0.0.0 Safari/537.36",Chrome,"Thu, 06 Mar 2025 08:38:16 +0000",176738,SUCCESS,5.0,1.0,2.0,4.0,3.0,2.0,4.0,4.0,3.0,7.0
c8c57aef-8752-42e9-91e4-9c38ef96a9f5,dLpRTt,FR,Desktop,"Mozilla/5.0 (Windows NT 10.0; Win64; x64) AppleWebKit/537.36 (KHTML, like Gecko) Chrome/133.0.0.0 Safari/537.36",Chrome,"Thu, 06 Mar 2025 09:01:03 +0000",1525195,SUCCESS,4.0,1.0,2.0,4.0,3.0,5.0,4.0,3.0,3.0,8.0
5aee46da-d295-4dd8-b476-fd9b54aa672e,RT2HwH,FR,Desktop,Mozilla/5.0 (Macintosh; Intel Mac OS X 10.15; rv:128.0) Gecko/20100101 Firefox/128.0,Firefox,"Thu, 06 Mar 2025 09:03:25 +0000",28991,DROP_OFF,2.0,,,,,,,,,
bbd8c1e3-96a4-415e-8afa-d118ff6fc9f9,8r802Y,FR,Desktop,Mozilla/5.0 (Macintosh; Intel Mac OS X 10.15; rv:128.0) Gecko/20100101 Firefox/128.0,Firefox,"Thu, 06 Mar 2025 09:04:16 +0000",303177,SUCCESS,2.0,2.0,1.0,3.0,1.0,1.0,5.0,4.0,4.0,6.0
1056c66d-ab2b-4e05-8191-14a995cd5e76,bLnJnD,FR,Desktop,"Mozilla/5.0 (Windows NT 10.0; Win64; x64) AppleWebKit/537.36 (KHTML, like Gecko) Chrome/133.0.0.0 Safari/537.36",Chrome,"Thu, 06 Mar 2025 09:05:17 +0000",315947,SUCCESS,2.0,1.0,2.0,2.0,3.0,2.0,3.0,3.0,2.0,6.0
6a269a81-eef8-40b0-b7f9-f30884ba9b68,jc8cBX,FR,Desktop,Mozilla/5.0 (Macintosh; Intel Mac OS X 10.15; rv:128.0) Gecko/20100101 Firefox/128.0,Firefox,"Thu, 06 Mar 2025 09:08:04 +0000",169262,DROP_OFF,2.0,3.0,,,,,,,,
0c50c1af-647d-4f52-b1f8-02cbba72a672,KFwVaE,FR,Desktop,"Mozilla/5.0 (Windows NT 10.0; Win64; x64) AppleWebKit/537.36 (KHTML, like Gecko) Chrome/133.0.0.0 Safari/537.36 Edg/133.0.0.0",Edge,"Thu, 06 Mar 2025 09:29:03 +0000",30813,DROP_OFF,4.0,,,,,,,,,
86c4f2d7-6c9a-4b7d-8a6e-d919349a8bc9,Lt3UWH,FR,Desktop,Mozilla/5.0 (Windows NT 10.0; Win64; x64; rv:136.0) Gecko/20100101 Firefox/136.0,Firefox,"Thu, 06 Mar 2025 09:49:43 +0000",139863,SUCCESS,2.0,3.0,2.0,3.0,2.0,1.0,4.0,3.0,3.0,5.0
37e6e53a-311b-4643-86f0-6eecaa8aa79d,lt515f,FR,Desktop,Mozilla/5.0 (Windows NT 10.0; Win64; x64; rv:135.0) Gecko/20100101 Firefox/135.0,Firefox,"Thu, 06 Mar 2025 09:51:14 +0000",112435,SUCCESS,2.0,1.0,2.0,3.0,2.0,4.0,4.0,3.0,2.0,6.0
25b0e0d8-9fde-40ee-981e-02e11baf8d93,QJOaRr,FR,Desktop,"Mozilla/5.0 (Macintosh; Intel Mac OS X 10_15_7) AppleWebKit/605.1.15 (KHTML, like Gecko) Version/18.3 Safari/605.1.15",Safari,"Thu, 06 Mar 2025 10:07:30 +0000",245891,SUCCESS,3.0,2.0,2.0,2.0,2.0,1.0,4.0,3.0,2.0,3.0
60630481-b36c-486f-bc36-8d1ff5b4623f,8vOHMv,FR,Desktop,"Mozilla/5.0 (Windows NT 10.0; Win64; x64) AppleWebKit/537.36 (KHTML, like Gecko) Chrome/133.0.0.0 Safari/537.36",Chrome,"Thu, 06 Mar 2025 11:33:06 +0000",1026341,SUCCESS,2.0,1.0,2.0,4.0,2.0,5.0,3.0,2.0,1.0,7.0
f17f0020-f62d-4c06-94fe-a729029d1a18,6zvigv,FR,Mobile,"Mozilla/5.0 (Linux; Android 10; K) AppleWebKit/537.36 (KHTML, like Gecko) Chrome/134.0.0.0 Mobile Safari/537.36",Chrome,"Thu, 06 Mar 2025 11:38:11 +0000",77680,SUCCESS,4.0,1.0,2.0,3.0,2.0,2.0,3.0,4.0,2.0,5.0
8e697ec2-9e51-4868-bbaf-4b639c96c428,iA9Psr,FR,Desktop,Mozilla/5.0 (Macintosh; Intel Mac OS X 10.15; rv:128.0) Gecko/20100101 Firefox/128.0,Firefox,"Thu, 06 Mar 2025 12:22:47 +0000",61627,DROP_OFF,3.0,,,,,,,,,
9a82365c-713e-467c-91e2-30995f3d981e,OoTYDD,FR,Desktop,Mozilla/5.0 (Macintosh; Intel Mac OS X 10.15; rv:128.0) Gecko/20100101 Firefox/128.0,Firefox,"Thu, 06 Mar 2025 12:24:03 +0000",332297,SUCCESS,3.0,1.0,1.0,4.0,2.0,1.0,4.0,5.0,5.0,4.0
3457e9c8-6426-4682-9d70-bd8a22a25bd1,Cx3uxr,FR,Desktop,"Mozilla/5.0 (Windows NT 10.0; Win64; x64) AppleWebKit/537.36 (KHTML, like Gecko) Chrome/133.0.0.0 Safari/537.36",Chrome,"Thu, 06 Mar 2025 12:32:49 +0000",125144,SUCCESS,2.0,2.0,1.0,3.0,2.0,2.0,4.0,3.0,2.0,4.0
59381068-eb45-427b-9c92-27e0ce57460f,zklTJX,FR,Desktop,Mozilla/5.0 (Windows NT 10.0; Win64; x64; rv:135.0) Gecko/20100101 Firefox/135.0,Firefox,"Thu, 06 Mar 2025 12:45:18 +0000",180254,DROP_OFF,1.0,2.0,1.0,4.0,4.0,1.0,,,,
11693a6b-7a42-42e2-bdbc-760bc578f776,vvBlBy,FR,Desktop,"Mozilla/5.0 (Macintosh; Intel Mac OS X 10_15_7) AppleWebKit/537.36 (KHTML, like Gecko) Chrome/133.0.0.0 Safari/537.36",Chrome,"Thu, 06 Mar 2025 13:46:57 +0000",89072,SUCCESS,3.0,3.0,2.0,4.0,1.0,5.0,4.0,5.0,4.0,7.0
e02bd25d-840a-4531-8b02-7203e7202782,hSfh2x,FR,Desktop,"Mozilla/5.0 (Windows NT 10.0; Win64; x64) AppleWebKit/537.36 (KHTML, like Gecko) Chrome/131.0.0.0 Safari/537.36",Chrome,"Thu, 06 Mar 2025 13:47:19 +0000",32525,DROP_OFF,3.0,1.0,,,,,,,,
4091ed46-e956-40e9-9e7f-57bb9411a29b,uabfnz,FR,Desktop,"Mozilla/5.0 (Windows NT 10.0; Win64; x64) AppleWebKit/537.36 (KHTML, like Gecko) Chrome/133.0.0.0 Safari/537.36 Edg/133.0.0.0",Edge,"Thu, 06 Mar 2025 14:00:42 +0000",590149,SUCCESS,3.0,1.0,2.0,2.0,3.0,2.0,4.0,4.0,2.0,4.0
8e82d727-511c-40aa-945a-b0a7d1fc2ae3,CyUMxG,FR,Desktop,Mozilla/5.0 (Windows NT 10.0; Win64; x64; rv:135.0) Gecko/20100101 Firefox/135.0,Firefox,"Thu, 06 Mar 2025 16:24:28 +0000",247990,SUCCESS,3.0,1.0,1.0,3.0,1.0,1.0,4.0,4.0,3.0,5.0
4107f4e3-70dd-4144-8889-6a9bf58e079f,5rxXAd,FR,Desktop,Mozilla/5.0 (Windows NT 10.0; Win64; x64; rv:136.0) Gecko/20100101 Firefox/136.0,Firefox,"Fri, 07 Mar 2025 10:20:03 +0000",92128,DROP_OFF,3.0,1.0,,,,,,,,
840489f4-5d3e-4488-9571-69f7affb546d,jwZRk0,FR,Desktop,"Mozilla/5.0 (Windows NT 10.0; Win64; x64) AppleWebKit/537.36 (KHTML, like Gecko) Chrome/133.0.0.0 Safari/537.36",Chrome,"Fri, 07 Mar 2025 10:29:25 +0000",189598,SUCCESS,1.0,1.0,2.0,1.0,1.0,2.0,5.0,1.0,2.0,0.0
cae6526f-f979-4158-ad6b-540ebc20b235,ifvAT8,FR,Desktop,"Mozilla/5.0 (Windows NT 10.0; Win64; x64) AppleWebKit/537.36 (KHTML, like Gecko) Chrome/134.0.0.0 Safari/537.36",Chrome,"Fri, 07 Mar 2025 10:36:35 +0000",255620,SUCCESS,1.0,1.0,2.0,1.0,1.0,2.0,3.0,1.0,1.0,1.0
0fd6163e-34a8-448c-af48-a4d0700decbb,Nk3D4X,FR,Desktop,"Mozilla/5.0 (Windows NT 10.0; Win64; x64) AppleWebKit/537.36 (KHTML, like Gecko) Chrome/133.0.0.0 Safari/537.36",Chrome,"Fri, 07 Mar 2025 10:47:45 +0000",11936881,SUCCESS,3.0,2.0,1.0,1.0,2.0,5.0,4.0,4.0,1.0,5.0
b881b465-5f1d-4534-9b92-b8afcc75a2b0,TsbHRd,FR,Desktop,Mozilla/5.0 (Windows NT 10.0; Win64; x64; rv:136.0) Gecko/20100101 Firefox/136.0,Firefox,"Fri, 07 Mar 2025 13:14:20 +0000",187140,SUCCESS,2.0,2.0,2.0,3.0,3.0,4.0,3.0,4.0,3.0,5.0
f53aff3b-a144-478c-827c-225daf841df3,ia6Ney,FR,Desktop,"Mozilla/5.0 (Windows NT 10.0; Win64; x64) AppleWebKit/537.36 (KHTML, like Gecko) Chrome/133.0.0.0 Safari/537.36",Chrome,"Fri, 07 Mar 2025 14:14:09 +0000",254399,SUCCESS,4.0,1.0,2.0,2.0,4.0,1.0,3.0,5.0,2.0,7.0
5cb9d619-aeab-4d08-a328-2b0c38059bd0,OEt1j2,FR,Desktop,Mozilla/5.0 (Windows NT 10.0; Win64; x64; rv:136.0) Gecko/20100101 Firefox/136.0,Firefox,"Sat, 08 Mar 2025 15:58:19 +0000",412338,SUCCESS,3.0,1.0,1.0,1.0,1.0,1.0,4.0,4.0,3.0,3.0
f400de2e-eeac-46ce-9560-9e72116fb827,zYMFZH,FR,Desktop,"Mozilla/5.0 (Macintosh; Intel Mac OS X 10_15_7) AppleWebKit/537.36 (KHTML, like Gecko) Chrome/133.0.0.0 Safari/537.36",Chrome,"Sun, 09 Mar 2025 19:03:59 +0000",738883,DROP_OFF,2.0,3.0,2.0,4.0,1.0,5.0,3.0,3.0,2.0,1.0
03f1fc21-73a9-404b-aade-9f350d58b6d8,q3r6Ml,FR,Desktop,"Mozilla/5.0 (Macintosh; Intel Mac OS X 10_15_7) AppleWebKit/537.36 (KHTML, like Gecko) Chrome/133.0.0.0 Safari/537.36",Chrome,"Sun, 09 Mar 2025 19:16:28 +0000",1189629,SUCCESS,4.0,3.0,2.0,4.0,1.0,5.0,3.0,2.0,2.0,1.0
153ecb5c-1a25-48ec-a781-53db397364a0,mwh58m,FR,Desktop,"Mozilla/5.0 (Windows NT 10.0; Win64; x64) AppleWebKit/537.36 (KHTML, like Gecko) Chrome/133.0.0.0 Safari/537.36",Chrome,"Mon, 10 Mar 2025 07:47:07 +0000",283352,SUCCESS,2.0,1.0,1.0,1.0,1.0,1.0,5.0,5.0,2.0,3.0
e66042ac-4f77-4923-bbd1-950d9460ef95,E0mxZQ,FR,Desktop,"Mozilla/5.0 (Windows NT 10.0; Win64; x64) AppleWebKit/537.36 (KHTML, like Gecko) Chrome/133.0.0.0 Safari/537.36",Chrome,"Mon, 10 Mar 2025 08:39:17 +0000",191453,SUCCESS,4.0,1.0,2.0,3.0,4.0,4.0,4.0,4.0,3.0,7.0
3009a159-6a48-4bbb-a6c4-ad3b5dac7710,QdtRgd,FR,Desktop,Mozilla/5.0 (Windows NT 10.0; Win64; x64; rv:135.0) Gecko/20100101 Firefox/135.0,Firefox,"Mon, 10 Mar 2025 09:03:19 +0000",1570967,DROP_OFF,4.0,,,,,,,,,
4d6fa32a-3aeb-4837-b994-16bc069989d5,XtDoxS,FR,Desktop,"Mozilla/5.0 (Windows NT 10.0; Win64; x64) AppleWebKit/537.36 (KHTML, like Gecko) Chrome/134.0.0.0 Safari/537.36",Chrome,"Mon, 10 Mar 2025 09:15:10 +0000",19212,DROP_OFF,2.0,,,,,,,,,
349672cf-3709-4e46-a425-f494b275356d,BoroJD,FR,Desktop,"Mozilla/5.0 (Windows NT 10.0; Win64; x64) AppleWebKit/537.36 (KHTML, like Gecko) Chrome/133.0.0.0 Safari/537.36 Edg/133.0.0.0",Edge,"Mon, 10 Mar 2025 09:27:06 +0000",224229,SUCCESS,1.0,2.0,2.0,1.0,1.0,1.0,5.0,2.0,1.0,3.0
2c66943a-8071-4f90-af6e-6fae6ef0d5bd,f5xzQq,FR,Desktop,"Mozilla/5.0 (Windows NT 10.0; Win64; x64) AppleWebKit/537.36 (KHTML, like Gecko) Chrome/133.0.0.0 Safari/537.36",Chrome,"Mon, 10 Mar 2025 09:58:42 +0000",138738,SUCCESS,3.0,1.0,1.0,1.0,2.0,2.0,5.0,4.0,3.0,4.0
dac14786-f735-44fa-ba3f-0b3fdb66c25b,3jN7zv,FR,Desktop,Mozilla/5.0 (Windows NT 10.0; Win64; x64; rv:136.0) Gecko/20100101 Firefox/136.0,Firefox,"Mon, 10 Mar 2025 10:20:54 +0000",318274,SUCCESS,3.0,1.0,2.0,4.0,1.0,5.0,3.0,5.0,5.0,7.0
033edb6a-49f7-4b2f-984b-3fcc2f880687,inaRbm,FR,Desktop,"Mozilla/5.0 (Windows NT 10.0; Win64; x64) AppleWebKit/537.36 (KHTML, like Gecko) Chrome/133.0.0.0 Safari/537.36",Chrome,"Mon, 10 Mar 2025 13:01:18 +0000",206991,SUCCESS,4.0,1.0,1.0,4.0,4.0,5.0,1.0,4.0,4.0,10.0
104e7c37-71b0-4f44-bd18-e0c301d9c93d,PI5YsA,FR,Desktop,"Mozilla/5.0 (X11; Linux x86_64) AppleWebKit/537.36 (KHTML, like Gecko) Chrome/133.0.0.0 Safari/537.36",Chrome,"Mon, 10 Mar 2025 13:03:01 +0000",500690,DROP_OFF,4.0,1.0,1.0,2.0,4.0,1.0,2.0,4.0,4.0,8.0
80fbd5f3-3081-4061-82ce-3c1b5c4c4164,6sxeeQ,FR,Desktop,Mozilla/5.0 (Windows NT 10.0; Win64; x64; rv:135.0) Gecko/20100101 Firefox/135.0,Firefox,"Mon, 10 Mar 2025 14:06:59 +0000",416868,SUCCESS,1.0,1.0,1.0,5.0,3.0,5.0,3.0,5.0,5.0,4.0
d30242c5-607e-489b-9ff0-4bef9c735191,4jbz6g,FR,Desktop,Mozilla/5.0 (Windows NT 10.0; Win64; x64; rv:136.0) Gecko/20100101 Firefox/136.0,Firefox,"Mon, 10 Mar 2025 14:49:57 +0000",643715,SUCCESS,1.0,1.0,2.0,1.0,1.0,1.0,5.0,3.0,1.0,1.0
38af1861-165e-434a-b8c3-f604a0d86784,HA8Xkh,FR,Desktop,Mozilla/5.0 (Windows NT 10.0; Win64; x64; rv:136.0) Gecko/20100101 Firefox/136.0,Firefox,"Mon, 10 Mar 2025 15:36:50 +0000",223944,SUCCESS,1.0,2.0,1.0,1.0,2.0,2.0,4.0,4.0,2.0,4.0
53d78614-4035-41a4-b042-52a938bff9c5,FFbT4u,FR,Desktop,"Mozilla/5.0 (Windows NT 10.0; Win64; x64) AppleWebKit/537.36 (KHTML, like Gecko) Chrome/134.0.0.0 Safari/537.36",Chrome,"Tue, 11 Mar 2025 08:45:28 +0000",218169,SUCCESS,1.0,1.0,2.0,3.0,2.0,5.0,2.0,2.0,2.0,6.0
3eac7f8e-de2e-4ba8-ba83-687662c4c682,4I8UdZ,FR,Desktop,Mozilla/5.0 (Windows NT 10.0; Win64; x64; rv:136.0) Gecko/20100101 Firefox/136.0,Firefox,"Tue, 11 Mar 2025 13:09:19 +0000",601420,SUCCESS,1.0,1.0,1.0,2.0,1.0,1.0,4.0,3.0,1.0,3.0
4cac409b-fcf1-4f25-b116-083d9ac56df9,QKE7t5,FR,Desktop,"Mozilla/5.0 (Macintosh; Intel Mac OS X 10_15_7) AppleWebKit/605.1.15 (KHTML, like Gecko) Version/18.3 Safari/605.1.15",Safari,"Tue, 11 Mar 2025 13:33:24 +0000",726643,DROP_OFF,2.0,2.0,2.0,1.0,3.0,1.0,4.0,3.0,3.0,4.0
502c3b8d-1f3f-4869-baf0-a60862ef31a7,wEyLuo,FR,Desktop,Mozilla/5.0 (Windows NT 10.0; Win64; x64; rv:128.0) Gecko/20100101 Firefox/128.0,Firefox,"Tue, 11 Mar 2025 13:33:31 +0000",936710,SUCCESS,4.0,2.0,2.0,2.0,3.0,1.0,3.0,4.0,4.0,6.0
d7cd4fc1-319b-4904-81d0-82b7f04b0dcc,rEd6z1,FR,Desktop,"Mozilla/5.0 (Macintosh; Intel Mac OS X 10_15_7) AppleWebKit/537.36 (KHTML, like Gecko) Chrome/133.0.0.0 Safari/537.36",Chrome,"Wed, 12 Mar 2025 09:47:11 +0000",158407,SUCCESS,2.0,1.0,1.0,1.0,1.0,1.0,1.0,2.0,2.0,2.0
10c7cb83-2257-430f-b408-19026335ff93,AvLiJs,FR,Desktop,"Mozilla/5.0 (Windows NT 10.0; Win64; x64) AppleWebKit/537.36 (KHTML, like Gecko) Chrome/134.0.0.0 Safari/537.36",Chrome,"Wed, 12 Mar 2025 09:47:22 +0000",13852,DROP_OFF,3.0,,,,,,,,,
dbd02baf-4520-425e-9c04-940e2a9c8e4d,r7XnjF,FR,Desktop,"Mozilla/5.0 (Macintosh; Intel Mac OS X 10_15_7) AppleWebKit/605.1.15 (KHTML, like Gecko) Version/18.3 Safari/605.1.15",Safari,"Wed, 12 Mar 2025 09:47:23 +0000",416612,SUCCESS,2.0,2.0,2.0,3.0,3.0,5.0,3.0,4.0,2.0,4.0
02afc9da-beb5-4d67-b032-0bc1489fdef5,Nnb3s1,FR,Desktop,"Mozilla/5.0 (Windows NT 10.0; Win64; x64) AppleWebKit/537.36 (KHTML, like Gecko) Chrome/132.0.0.0 Safari/537.36 OPR/117.0.0.0",Opera,"Wed, 12 Mar 2025 09:47:37 +0000",212398,SUCCESS,4.0,1.0,1.0,4.0,3.0,2.0,2.0,3.0,4.0,8.0
73710b90-d21a-4f12-8fda-84e1f061407f,msrz0L,FR,Desktop,"Mozilla/5.0 (Macintosh; Intel Mac OS X 10_15_7) AppleWebKit/605.1.15 (KHTML, like Gecko) Version/18.3 Safari/605.1.15",Safari,"Wed, 12 Mar 2025 09:47:38 +0000",664345,SUCCESS,1.0,1.0,1.0,2.0,1.0,2.0,4.0,2.0,3.0,3.0
746283a6-aeee-4fd7-a93e-2e142b692693,WT8XCW,FR,Desktop,"Mozilla/5.0 (Windows NT 10.0; Win64; x64) AppleWebKit/537.36 (KHTML, like Gecko) Chrome/134.0.0.0 Safari/537.36 Edg/134.0.0.0",Edge,"Wed, 12 Mar 2025 09:47:39 +0000",343352,SUCCESS,2.0,2.0,1.0,3.0,2.0,2.0,5.0,3.0,3.0,5.0
d336f610-ce24-44d1-9315-34554c8cd362,v6ZY2H,FR,Desktop,"Mozilla/5.0 (Windows NT 10.0; Win64; x64) AppleWebKit/537.36 (KHTML, like Gecko) Chrome/134.0.0.0 Safari/537.36",Chrome,"Wed, 12 Mar 2025 09:47:42 +0000",616566,SUCCESS,1.0,1.0,1.0,3.0,2.0,5.0,4.0,4.0,1.0,3.0
8b9fa818-1e04-4ceb-99cf-e8d5829e70b6,JcE0JQ,FR,Desktop,Mozilla/5.0 (Windows NT 10.0; Win64; x64; rv:128.0) Gecko/20100101 Firefox/128.0,Firefox,"Wed, 12 Mar 2025 09:47:44 +0000",299136,SUCCESS,3.0,3.0,1.0,2.0,2.0,1.0,4.0,2.0,3.0,5.0
4a502c8c-2cd3-461a-87b5-0f663cda486a,6EqTnP,FR,Desktop,"Mozilla/5.0 (Macintosh; Intel Mac OS X 10_15_7) AppleWebKit/605.1.15 (KHTML, like Gecko) Version/17.6 Safari/605.1.15",Safari,"Wed, 12 Mar 2025 09:47:45 +0000",1130951,SUCCESS,1.0,1.0,2.0,4.0,3.0,2.0,3.0,5.0,3.0,5.0
15e74752-c134-4dd0-8e17-26dcbe52a6b4,GQaB7a,FR,Desktop,"Mozilla/5.0 (Windows NT 10.0; Win64; x64) AppleWebKit/537.36 (KHTML, like Gecko) Chrome/131.0.0.0 Safari/537.36",Chrome,"Wed, 12 Mar 2025 09:47:45 +0000",499635,SUCCESS,5.0,1.0,1.0,2.0,1.0,1.0,3.0,4.0,4.0,8.0
52abed4c-e579-4831-b7e9-f16f85905e7b,kHfZZ7,FR,Desktop,"Mozilla/5.0 (Macintosh; Intel Mac OS X 10_15_7) AppleWebKit/605.1.15 (KHTML, like Gecko) Version/18.3 Safari/605.1.15",Safari,"Wed, 12 Mar 2025 09:47:46 +0000",202106,SUCCESS,3.0,1.0,1.0,4.0,4.0,4.0,2.0,5.0,3.0,8.0
42127e33-b0dd-4191-be35-23f3cbbf904c,aCLzQg,FR,Desktop,"Mozilla/5.0 (Windows NT 10.0; Win64; x64) AppleWebKit/537.36 (KHTML, like Gecko) Chrome/134.0.0.0 Safari/537.36",Chrome,"Wed, 12 Mar 2025 09:47:47 +0000",105234,SUCCESS,3.0,1.0,2.0,3.0,3.0,4.0,3.0,4.0,2.0,4.0
48c37a2d-2a4f-4a55-a260-3bc2a682543f,ofU262,FR,Desktop,"Mozilla/5.0 (Windows NT 10.0; Win64; x64) AppleWebKit/537.36 (KHTML, like Gecko) Chrome/134.0.0.0 Safari/537.36",Chrome,"Wed, 12 Mar 2025 09:47:48 +0000",1562769,SUCCESS,5.0,3.0,2.0,1.0,1.0,1.0,5.0,5.0,1.0,0.0
e43d602c-00c0-45e0-a163-be4e5e5fee0a,gK6yPV,FR,Desktop,Mozilla/5.0 (Macintosh; Intel Mac OS X 10.15; rv:136.0) Gecko/20100101 Firefox/136.0,Firefox,"Wed, 12 Mar 2025 09:47:50 +0000",153369,DROP_OFF,2.0,2.0,2.0,2.0,2.0,5.0,4.0,2.0,2.0,4.0
dcd241c0-bb9d-4157-bc0c-3411ba07bfac,3dHbO1,FR,Mobile,"Mozilla/5.0 (Linux; Android 10; K) AppleWebKit/537.36 (KHTML, like Gecko) Chrome/134.0.0.0 Mobile Safari/537.36",Chrome,"Wed, 12 Mar 2025 09:47:51 +0000",159234,SUCCESS,3.0,2.0,1.0,5.0,3.0,1.0,3.0,3.0,3.0,8.0
56fdcb94-89f6-4b1a-a29a-5ad4772247fc,zu85h7,FR,Mobile,"Mozilla/5.0 (Linux; Android 10; K) AppleWebKit/537.36 (KHTML, like Gecko) Chrome/134.0.0.0 Mobile Safari/537.36",Chrome,"Wed, 12 Mar 2025 09:47:52 +0000",89639,SUCCESS,4.0,3.0,1.0,3.0,3.0,2.0,3.0,4.0,2.0,6.0
a7e25731-56f3-4b7b-9235-2d08718806f0,E8A3m9,FR,Desktop,"Mozilla/5.0 (Windows NT 10.0; Win64; x64) AppleWebKit/537.36 (KHTML, like Gecko) Chrome/134.0.0.0 Safari/537.36",Chrome,"Wed, 12 Mar 2025 09:47:53 +0000",709001,SUCCESS,5.0,1.0,1.0,4.0,3.0,2.0,3.0,4.0,2.0,7.0
30f04898-a330-4ca6-8456-68a8d6867ce5,JV0VIW,FR,Desktop,Mozilla/5.0 (Windows NT 10.0; Win64; x64; rv:136.0) Gecko/20100101 Firefox/136.0,Firefox,"Wed, 12 Mar 2025 09:47:58 +0000",110799,SUCCESS,3.0,1.0,1.0,3.0,3.0,2.0,3.0,2.0,2.0,6.0
cc3134b4-0885-4be3-99c8-f85929afeb2f,0D75G1,FR,Desktop,"Mozilla/5.0 (Windows NT 10.0; Win64; x64) AppleWebKit/537.36 (KHTML, like Gecko) Chrome/133.0.0.0 Safari/537.36",Chrome,"Wed, 12 Mar 2025 09:48:03 +0000",246089,SUCCESS,1.0,1.0,1.0,2.0,1.0,5.0,4.0,4.0,3.0,5.0
0c3c7555-5f30-47c4-a2c0-36c38cf85f3b,yqD4lQ,FR,Desktop,Mozilla/5.0 (Windows NT 10.0; Win64; x64; rv:128.0) Gecko/20100101 Firefox/128.0,Firefox,"Wed, 12 Mar 2025 09:48:08 +0000",339133,SUCCESS,3.0,1.0,2.0,4.0,2.0,5.0,4.0,3.0,3.0,7.0
c2e03b5d-820e-4646-9e31-83a5981e96c0,7EB3u3,FR,Desktop,"Mozilla/5.0 (Windows NT 10.0; Win64; x64) AppleWebKit/537.36 (KHTML, like Gecko) Chrome/134.0.0.0 Safari/537.36",Chrome,"Wed, 12 Mar 2025 09:48:09 +0000",135858,SUCCESS,2.0,1.0,2.0,2.0,2.0,2.0,4.0,5.0,2.0,4.0
1ef3548e-fcc6-48f9-877a-186924c24d86,3KT5FR,FR,Desktop,Mozilla/5.0 (Windows NT 10.0; Win64; x64; rv:128.0) Gecko/20100101 Firefox/128.0,Firefox,"Wed, 12 Mar 2025 09:48:15 +0000",195941,SUCCESS,2.0,2.0,2.0,3.0,4.0,5.0,3.0,5.0,4.0,6.0
2f82af15-2946-4cd1-81d7-70aaa9edf47f,ss0zs7,FR,Desktop,Mozilla/5.0 (Macintosh; Intel Mac OS X 10.15; rv:130.0) Gecko/20100101 Firefox/130.0,Firefox,"Wed, 12 Mar 2025 09:48:20 +0000",100544,SUCCESS,1.0,1.0,2.0,3.0,3.0,2.0,3.0,3.0,2.0,4.0
d55116c1-9399-41b4-bb0d-d54bf72bb113,oOsUka,FR,Desktop,"Mozilla/5.0 (Windows NT 10.0; Win64; x64) AppleWebKit/537.36 (KHTML, like Gecko) Chrome/134.0.0.0 Safari/537.36",Chrome,"Wed, 12 Mar 2025 09:48:21 +0000",145378,SUCCESS,2.0,2.0,2.0,2.0,2.0,5.0,4.0,1.0,1.0,5.0
7e20c832-fd82-4d54-b312-a63febc4717d,gNcQU4,FR,Desktop,"Mozilla/5.0 (Windows NT 10.0; Win64; x64) AppleWebKit/537.36 (KHTML, like Gecko) Chrome/134.0.0.0 Safari/537.36",Chrome,"Wed, 12 Mar 2025 09:48:22 +0000",790285,SUCCESS,4.0,1.0,2.0,2.0,1.0,2.0,5.0,4.0,1.0,3.0
afbfb6f6-8373-4067-9610-e18cff482741,VFzibj,FR,Desktop,"Mozilla/5.0 (Windows NT 10.0; Win64; x64) AppleWebKit/537.36 (KHTML, like Gecko) Chrome/134.0.0.0 Safari/537.36",Chrome,"Wed, 12 Mar 2025 09:48:29 +0000",356765,SUCCESS,5.0,1.0,2.0,3.0,2.0,1.0,4.0,5.0,5.0,8.0
3867078f-321c-4108-8f1d-ed2137fa5c72,lPJC7Q,FR,Desktop,"Mozilla/5.0 (Windows NT 10.0; Win64; x64) AppleWebKit/537.36 (KHTML, like Gecko) Chrome/134.0.0.0 Safari/537.36",Chrome,"Wed, 12 Mar 2025 09:48:31 +0000",140939,SUCCESS,1.0,2.0,2.0,2.0,4.0,1.0,2.0,1.0,5.0,5.0
ed19ba30-42ab-46a4-8fa5-61d903b95f17,M4MFW0,FR,Desktop,Mozilla/5.0 (Windows NT 10.0; Win64; x64; rv:128.0) Gecko/20100101 Firefox/128.0,Firefox,"Wed, 12 Mar 2025 09:48:32 +0000",233080,SUCCESS,1.0,3.0,2.0,1.0,2.0,5.0,3.0,4.0,1.0,2.0
7000c569-1a29-40c0-a217-8c215b95b38d,8PoJYC,FR,Desktop,Mozilla/5.0 (Macintosh; Intel Mac OS X 10.15; rv:135.0) Gecko/20100101 Firefox/135.0,Firefox,"Wed, 12 Mar 2025 09:48:37 +0000",203337,SUCCESS,1.0,1.0,2.0,1.0,1.0,2.0,4.0,2.0,1.0,1.0
843a1dcc-a435-41f8-93cb-83197bb314ca,xYlrfN,FR,Desktop,"Mozilla/5.0 (Windows NT 10.0; Win64; x64) AppleWebKit/537.36 (KHTML, like Gecko) Chrome/134.0.0.0 Safari/537.36",Chrome,"Wed, 12 Mar 2025 09:48:38 +0000",129759,SUCCESS,2.0,1.0,2.0,2.0,1.0,2.0,5.0,2.0,1.0,2.0
83a139e7-f503-427c-94ab-10fcd5a21ff3,aml47w,FR,Desktop,Mozilla/5.0 (Windows NT 10.0; Win64; x64; rv:128.0) Gecko/20100101 Firefox/128.0,Firefox,"Wed, 12 Mar 2025 09:48:49 +0000",181557,DROP_OFF,1.0,1.0,,,,,,,,
120922ae-1627-4146-af1a-ff7cd8dbfc57,ugOsCQ,FR,Desktop,"Mozilla/5.0 (Windows NT 10.0; Win64; x64) AppleWebKit/537.36 (KHTML, like Gecko) Chrome/134.0.0.0 Safari/537.36 Edg/134.0.0.0",Edge,"Wed, 12 Mar 2025 09:48:54 +0000",146512,SUCCESS,4.0,1.0,2.0,3.0,3.0,2.0,3.0,4.0,2.0,1.0
5a56bf16-b4bc-4ae4-839b-5e04b700b711,FDjnMk,FR,Desktop,"Mozilla/5.0 (Windows NT 10.0; Win64; x64) AppleWebKit/537.36 (KHTML, like Gecko) Chrome/133.0.0.0 Safari/537.36",Chrome,"Wed, 12 Mar 2025 09:48:58 +0000",186413,SUCCESS,5.0,2.0,2.0,3.0,4.0,5.0,3.0,5.0,3.0,2.0
905e1384-5f9e-43fd-8945-3d7e0c6c721d,ajaoXy,FR,Desktop,Mozilla/5.0 (Windows NT 10.0; Win64; x64; rv:128.0) Gecko/20100101 Firefox/128.0,Firefox,"Wed, 12 Mar 2025 09:48:59 +0000",369186,SUCCESS,2.0,1.0,1.0,2.0,3.0,1.0,4.0,2.0,2.0,2.0
fcfe95e3-345a-46c0-83ce-16cbc265ecb1,DKdGTM,FR,Desktop,"Mozilla/5.0 (Windows NT 10.0; Win64; x64) AppleWebKit/537.36 (KHTML, like Gecko) Chrome/134.0.0.0 Safari/537.36",Chrome,"Wed, 12 Mar 2025 09:49:03 +0000",135029,SUCCESS,2.0,1.0,2.0,2.0,3.0,2.0,3.0,3.0,2.0,7.0
39b60414-2cc1-4469-9db5-c85c335ea484,0O1yrp,FR,Desktop,"Mozilla/5.0 (Windows NT 10.0; Win64; x64) AppleWebKit/537.36 (KHTML, like Gecko) Chrome/134.0.0.0 Safari/537.36",Chrome,"Wed, 12 Mar 2025 09:49:16 +0000",147403,SUCCESS,2.0,3.0,2.0,1.0,1.0,1.0,4.0,3.0,2.0,2.0
f3afdd76-e0fc-43ac-b279-0d99b2b121e1,PUd9XM,FR,Desktop,"Mozilla/5.0 (Windows NT 10.0; Win64; x64) AppleWebKit/537.36 (KHTML, like Gecko) Chrome/134.0.0.0 Safari/537.36",Chrome,"Wed, 12 Mar 2025 09:49:20 +0000",145842,SUCCESS,1.0,3.0,2.0,1.0,1.0,1.0,5.0,2.0,2.0,2.0
2377b071-1718-496d-bbca-dfc1c20cfc68,Tlo9hH,FR,Desktop,Mozilla/5.0 (Windows NT 10.0; Win64; x64; rv:128.0) Gecko/20100101 Firefox/128.0,Firefox,"Wed, 12 Mar 2025 09:49:24 +0000",212072,SUCCESS,1.0,3.0,1.0,1.0,3.0,4.0,3.0,1.0,2.0,3.0
1795568d-03f9-48de-8f59-d742c74d6fce,gEg0up,FR,Desktop,"Mozilla/5.0 (Windows NT 10.0; Win64; x64) AppleWebKit/537.36 (KHTML, like Gecko) Chrome/134.0.0.0 Safari/537.36",Chrome,"Wed, 12 Mar 2025 09:49:26 +0000",172621,SUCCESS,1.0,3.0,2.0,2.0,3.0,2.0,4.0,2.0,1.0,3.0
f792ecb7-b91a-4a49-b770-46b2c9c3bb82,Sd1vuH,FR,Desktop,"Mozilla/5.0 (Windows NT 10.0; Win64; x64) AppleWebKit/537.36 (KHTML, like Gecko) Chrome/134.0.0.0 Safari/537.36",Chrome,"Wed, 12 Mar 2025 09:49:28 +0000",61888,DROP_OFF,3.0,1.0,,,,,,,,
03743371-ab5c-46aa-90a7-fb0276c23782,ObadJL,FR,Desktop,"Mozilla/5.0 (Windows NT 10.0; Win64; x64) AppleWebKit/537.36 (KHTML, like Gecko) Chrome/134.0.0.0 Safari/537.36",Chrome,"Wed, 12 Mar 2025 09:49:31 +0000",264492,SUCCESS,4.0,1.0,2.0,4.0,2.0,5.0,4.0,3.0,3.0,7.0
64c4e669-1ae6-40bd-bb5f-1d465dfa096f,1HCN8D,FR,Desktop,Mozilla/5.0 (X11; Ubuntu; Linux x86_64; rv:136.0) Gecko/20100101 Firefox/136.0,Firefox,"Wed, 12 Mar 2025 09:49:37 +0000",123517,SUCCESS,3.0,2.0,1.0,2.0,4.0,2.0,3.0,3.0,2.0,6.0
027d2dec-e5e3-41cc-bca7-36c7e7bf1869,n0c7Pn,FR,Desktop,"Mozilla/5.0 (Windows NT 10.0; Win64; x64) AppleWebKit/537.36 (KHTML, like Gecko) Chrome/133.0.0.0 Safari/537.36 Edg/133.0.0.0",Edge,"Wed, 12 Mar 2025 09:49:45 +0000",199351,SUCCESS,3.0,3.0,2.0,4.0,3.0,5.0,3.0,5.0,3.0,8.0
30909c62-635d-42b2-a6ad-d4782d7a594f,3pl4rz,FR,Desktop,"Mozilla/5.0 (Windows NT 10.0; Win64; x64) AppleWebKit/537.36 (KHTML, like Gecko) Chrome/133.0.0.0 Safari/537.36",Chrome,"Wed, 12 Mar 2025 09:50:06 +0000",154745,SUCCESS,5.0,1.0,1.0,4.0,2.0,5.0,3.0,5.0,5.0,8.0
b3cf38ad-6203-4198-bb12-7ddaa44330df,OAbpo2,FR,Desktop,"Mozilla/5.0 (Windows NT 10.0; Win64; x64) AppleWebKit/537.36 (KHTML, like Gecko) Chrome/134.0.0.0 Safari/537.36",Chrome,"Wed, 12 Mar 2025 09:50:08 +0000",141415,DROP_OFF,4.0,2.0,,,,,,,,
7d49b437-e0ba-45db-a55e-81c21a21f7f5,3GDCzg,FR,Desktop,Mozilla/5.0 (Windows NT 10.0; Win64; x64; rv:136.0) Gecko/20100101 Firefox/136.0,Firefox,"Wed, 12 Mar 2025 09:50:14 +0000",246815,SUCCESS,3.0,1.0,1.0,2.0,3.0,5.0,3.0,3.0,3.0,6.0
8461c491-e56d-44f5-895f-013b45b2de8e,k0sGu8,FR,Desktop,"Mozilla/5.0 (Windows NT 10.0; Win64; x64) AppleWebKit/537.36 (KHTML, like Gecko) Chrome/134.0.0.0 Safari/537.36",Chrome,"Wed, 12 Mar 2025 09:50:33 +0000",184655,SUCCESS,3.0,1.0,2.0,2.0,3.0,5.0,3.0,4.0,3.0,7.0
37e7adc9-f3d5-492e-8958-f21b9f44b2a6,XRMQj6,FR,Desktop,"Mozilla/5.0 (Windows NT 10.0; Win64; x64) AppleWebKit/537.36 (KHTML, like Gecko) Chrome/134.0.0.0 Safari/537.36",Chrome,"Wed, 12 Mar 2025 09:50:47 +0000",106354,SUCCESS,4.0,2.0,1.0,4.0,2.0,4.0,4.0,4.0,4.0,8.0
44902624-85e7-4173-9e10-4da647029fa9,86Dv7D,FR,Desktop,"Mozilla/5.0 (Macintosh; Intel Mac OS X 10_15_7) AppleWebKit/537.36 (KHTML, like Gecko) Chrome/131.0.0.0 Safari/537.36",Chrome,"Wed, 12 Mar 2025 09:51:05 +0000",393423,SUCCESS,4.0,1.0,2.0,3.0,3.0,1.0,3.0,3.0,1.0,6.0
3aed7d49-b175-4c3d-bfc2-b51bef9e64b9,RbjdEf,FR,Desktop,Mozilla/5.0 (Windows NT 10.0; Win64; x64; rv:128.0) Gecko/20100101 Firefox/128.0,Firefox,"Wed, 12 Mar 2025 09:51:06 +0000",97237,DROP_OFF,3.0,1.0,,,,,,,,
a161b9ee-4b53-44e4-b598-b3f9b0d860be,lb9Lv5,FR,Desktop,"Mozilla/5.0 (Windows NT 10.0; Win64; x64) AppleWebKit/537.36 (KHTML, like Gecko) Chrome/134.0.0.0 Safari/537.36",Chrome,"Wed, 12 Mar 2025 09:51:12 +0000",89409,SUCCESS,5.0,1.0,2.0,4.0,3.0,4.0,3.0,5.0,5.0,9.0
9e53ff0d-ebf2-4c0d-90b3-08b415b7781a,w8jvLp,FR,Desktop,"Mozilla/5.0 (Macintosh; Intel Mac OS X 10_15_7) AppleWebKit/537.36 (KHTML, like Gecko) Chrome/133.0.0.0 Safari/537.36",Chrome,"Wed, 12 Mar 2025 09:51:18 +0000",265155,SUCCESS,2.0,3.0,1.0,3.0,4.0,1.0,3.0,3.0,1.0,5.0
cb4acabb-f0bc-45a6-9b9a-207b9e8533a5,V2Fd3U,FR,Desktop,"Mozilla/5.0 (Windows NT 10.0; Win64; x64) AppleWebKit/537.36 (KHTML, like Gecko) Chrome/134.0.0.0 Safari/537.36",Chrome,"Wed, 12 Mar 2025 09:51:18 +0000",96372,SUCCESS,2.0,1.0,2.0,4.0,3.0,5.0,3.0,4.0,3.0,5.0
ea05f5f1-37d5-42b3-a98c-f5c2fbb21d90,5U6ONq,FR,Desktop,Mozilla/5.0 (Windows NT 10.0; Win64; x64; rv:128.0) Gecko/20100101 Firefox/128.0,Firefox,"Wed, 12 Mar 2025 09:51:19 +0000",82745,SUCCESS,4.0,1.0,2.0,4.0,4.0,5.0,3.0,4.0,4.0,8.0
5db57d76-299d-4053-8c7e-db6d56db1ce3,8hb00d,FR,Desktop,Mozilla/5.0 (Windows NT 10.0; Win64; x64; rv:136.0) Gecko/20100101 Firefox/136.0,Firefox,"Wed, 12 Mar 2025 09:51:23 +0000",394748,SUCCESS,1.0,1.0,2.0,2.0,4.0,5.0,3.0,5.0,4.0,2.0
12d5d45a-d93b-4ee6-8588-cfbb2012cbae,oomj7C,FR,Desktop,"Mozilla/5.0 (Windows NT 10.0; Win64; x64) AppleWebKit/537.36 (KHTML, like Gecko) Chrome/134.0.0.0 Safari/537.36",Chrome,"Wed, 12 Mar 2025 09:51:24 +0000",246336,SUCCESS,1.0,3.0,2.0,1.0,1.0,1.0,4.0,2.0,3.0,4.0
c598cab7-4d0f-4218-8e60-b680a791710b,5BAmkG,FR,Desktop,"Mozilla/5.0 (Windows NT 10.0; Win64; x64) AppleWebKit/537.36 (KHTML, like Gecko) Chrome/134.0.0.0 Safari/537.36",Chrome,"Wed, 12 Mar 2025 09:51:25 +0000",426830,SUCCESS,5.0,1.0,2.0,1.0,3.0,2.0,3.0,1.0,1.0,2.0
c2482d23-238b-43f7-9a7a-659f640c7c20,34Gh4G,FR,Desktop,Mozilla/5.0 (Macintosh; Intel Mac OS X 10.15; rv:136.0) Gecko/20100101 Firefox/136.0,Firefox,"Wed, 12 Mar 2025 09:51:40 +0000",266128,DROP_OFF,1.0,1.0,1.0,2.0,3.0,1.0,4.0,4.0,2.0,3.0
034f278b-fcb8-429b-a62c-2b1e951c6b56,HNOYLA,FR,Desktop,"Mozilla/5.0 (Windows NT 10.0; Win64; x64) AppleWebKit/537.36 (KHTML, like Gecko) Chrome/134.0.0.0 Safari/537.36",Chrome,"Wed, 12 Mar 2025 09:51:41 +0000",173634,SUCCESS,5.0,3.0,1.0,4.0,3.0,5.0,3.0,4.0,4.0,8.0
4b885806-7e32-42f4-83d8-2b53ad2a9ea7,AEOPZ1,FR,Desktop,"Mozilla/5.0 (Windows NT 10.0; Win64; x64) AppleWebKit/537.36 (KHTML, like Gecko) Chrome/134.0.0.0 Safari/537.36",Chrome,"Wed, 12 Mar 2025 09:51:44 +0000",98447,SUCCESS,2.0,1.0,2.0,3.0,3.0,1.0,4.0,4.0,4.0,3.0
23e72ef0-5a91-4c6f-9ab1-24a0618a152e,QPcKlD,FR,Desktop,"Mozilla/5.0 (Windows NT 10.0; Win64; x64) AppleWebKit/537.36 (KHTML, like Gecko) Chrome/134.0.0.0 Safari/537.36",Chrome,"Wed, 12 Mar 2025 09:51:45 +0000",216068,SUCCESS,4.0,1.0,2.0,4.0,1.0,5.0,5.0,5.0,1.0,7.0
7548d1cd-0af8-4870-be39-b6d81c854f0c,ydrwDN,FR,Desktop,"Mozilla/5.0 (Windows NT 10.0; Win64; x64) AppleWebKit/537.36 (KHTML, like Gecko) Chrome/133.0.0.0 Safari/537.36",Chrome,"Wed, 12 Mar 2025 09:52:08 +0000",144238,SUCCESS,2.0,1.0,2.0,4.0,2.0,1.0,4.0,5.0,4.0,3.0
ecbf3b23-0995-4c6f-98d9-7af3f07e83fe,12b5QC,FR,Desktop,"Mozilla/5.0 (Windows NT 10.0; Win64; x64) AppleWebKit/537.36 (KHTML, like Gecko) Chrome/134.0.0.0 Safari/537.36",Chrome,"Wed, 12 Mar 2025 09:52:23 +0000",160844,SUCCESS,2.0,1.0,1.0,2.0,2.0,2.0,4.0,4.0,1.0,2.0
512e6ff3-7080-4e5a-bbd6-2e0aead353da,7Jqdly,FR,Desktop,Mozilla/5.0 (Windows NT 10.0; Win64; x64; rv:128.0) Gecko/20100101 Firefox/128.0,Firefox,"Wed, 12 Mar 2025 09:52:28 +0000",219363,SUCCESS,3.0,2.0,1.0,4.0,4.0,5.0,2.0,3.0,3.0,6.0
377b839b-6b89-4d39-9144-c29c053f66b9,jnlhCn,FR,Desktop,"Mozilla/5.0 (Windows NT 10.0; Win64; x64) AppleWebKit/537.36 (KHTML, like Gecko) Chrome/134.0.0.0 Safari/537.36",Chrome,"Wed, 12 Mar 2025 09:52:30 +0000",102605,DROP_OFF,3.0,1.0,1.0,4.0,,,,,,
55b873e6-0908-4a27-ad1a-a24343a8eb4b,tNZgmG,FR,Desktop,"Mozilla/5.0 (Windows NT 10.0; Win64; x64) AppleWebKit/537.36 (KHTML, like Gecko) Chrome/134.0.0.0 Safari/537.36",Chrome,"Wed, 12 Mar 2025 09:52:50 +0000",88380,SUCCESS,1.0,3.0,2.0,1.0,1.0,1.0,5.0,1.0,1.0,0.0
7af030d2-446f-44de-958a-72fdb68525e3,yuLYhB,FR,Desktop,Mozilla/5.0 (Windows NT 10.0; Win64; x64; rv:128.0) Gecko/20100101 Firefox/128.0,Firefox,"Wed, 12 Mar 2025 09:52:52 +0000",187502,SUCCESS,1.0,3.0,2.0,1.0,1.0,1.0,5.0,4.0,3.0,0.0
3a1d7c9c-acd5-44d0-8faf-dc0ba8840da0,kSv8Pa,FR,Desktop,"Mozilla/5.0 (Windows NT 10.0; Win64; x64) AppleWebKit/537.36 (KHTML, like Gecko) Chrome/134.0.0.0 Safari/537.36 Edg/134.0.0.0",Edge,"Wed, 12 Mar 2025 09:52:57 +0000",308536,DROP_OFF,2.0,1.0,1.0,3.0,2.0,2.0,5.0,4.0,4.0,5.0
0e3d09bc-1a9d-4d02-907c-b508d163bf9d,hApZrX,FR,Desktop,"Mozilla/5.0 (Windows NT 10.0; Win64; x64) AppleWebKit/537.36 (KHTML, like Gecko) Chrome/134.0.0.0 Safari/537.36",Chrome,"Wed, 12 Mar 2025 09:52:58 +0000",142736,SUCCESS,4.0,1.0,2.0,3.0,2.0,5.0,3.0,5.0,3.0,7.0
0dc9a43a-9c4b-47a1-848d-01af56944b5b,y1Z5Kj,FR,Desktop,Mozilla/5.0 (Windows NT 10.0; Win64; x64; rv:136.0) Gecko/20100101 Firefox/136.0,Firefox,"Wed, 12 Mar 2025 09:53:03 +0000",175511,SUCCESS,2.0,2.0,2.0,2.0,1.0,1.0,4.0,4.0,2.0,3.0
067056ab-420b-4eb9-bfb6-d15c00c27560,C4RfG0,FR,Desktop,Mozilla/5.0 (Windows NT 10.0; Win64; x64; rv:128.0) Gecko/20100101 Firefox/128.0,Firefox,"Wed, 12 Mar 2025 09:53:14 +0000",280877,SUCCESS,3.0,1.0,1.0,3.0,3.0,4.0,3.0,3.0,2.0,7.0
5b7737f4-f349-4d0a-b88e-e62586858cd1,QiJ9ZC,FR,Desktop,"Mozilla/5.0 (Macintosh; Intel Mac OS X 10_15_7) AppleWebKit/605.1.15 (KHTML, like Gecko) Version/17.6 Safari/605.1.15",Safari,"Wed, 12 Mar 2025 09:53:19 +0000",212781,SUCCESS,2.0,1.0,1.0,2.0,2.0,1.0,3.0,3.0,2.0,4.0
1f766fc5-4a69-4999-b1a0-7a46261b128b,5Fc4sH,FR,Desktop,"Mozilla/5.0 (Windows NT 10.0; Win64; x64) AppleWebKit/537.36 (KHTML, like Gecko) Chrome/133.0.0.0 Safari/537.36",Chrome,"Wed, 12 Mar 2025 09:53:22 +0000",110652,SUCCESS,1.0,3.0,1.0,3.0,3.0,2.0,3.0,3.0,2.0,3.0
5e42eec6-e493-48b2-b84e-249c946fd375,YUDOfD,FR,Desktop,"Mozilla/5.0 (Windows NT 10.0; Win64; x64) AppleWebKit/537.36 (KHTML, like Gecko) Chrome/132.0.0.0 Safari/537.36 OPR/117.0.0.0",Opera,"Wed, 12 Mar 2025 09:53:45 +0000",652240,SUCCESS,3.0,2.0,1.0,2.0,4.0,5.0,2.0,4.0,4.0,8.0
f8cb5611-cbf5-43b2-9bea-991fb591d0fd,0BAKJ8,FR,Desktop,Mozilla/5.0 (Windows NT 10.0; Win64; x64; rv:136.0) Gecko/20100101 Firefox/136.0,Firefox,"Wed, 12 Mar 2025 09:53:55 +0000",54,DROP_OFF,2.0,,,,,,,,,
c2c26fe3-fb91-4906-9562-60bb6cc152a2,DAY4T4,FR,Desktop,Mozilla/5.0 (Windows NT 10.0; Win64; x64; rv:136.0) Gecko/20100101 Firefox/136.0,Firefox,"Wed, 12 Mar 2025 09:54:01 +0000",398090,SUCCESS,1.0,3.0,2.0,3.0,1.0,4.0,3.0,4.0,1.0,2.0
818f8026-aa5e-4170-9752-9ed2966882a4,n7tzKo,FR,Desktop,"Mozilla/5.0 (Windows NT 10.0; Win64; x64) AppleWebKit/537.36 (KHTML, like Gecko) Chrome/133.0.0.0 Safari/537.36 Edg/133.0.0.0",Edge,"Wed, 12 Mar 2025 09:54:25 +0000",41822,DROP_OFF,5.0,3.0,,,,,,,,
50168153-5daf-44b7-b3ba-458fcf47f467,Mal9Vf,FR,Mobile,"Mozilla/5.0 (iPhone; CPU iPhone OS 18_3_1 like Mac OS X) AppleWebKit/605.1.15 (KHTML, like Gecko) CriOS/134.0.6998.33 Mobile/15E148 Safari/604.1",Chrome,"Wed, 12 Mar 2025 09:54:25 +0000",263293,SUCCESS,1.0,3.0,1.0,1.0,1.0,1.0,5.0,3.0,1.0,0.0
8452df2c-5486-4208-9124-672cedb97d48,gYowpJ,FR,Desktop,Mozilla/5.0 (Windows NT 10.0; Win64; x64; rv:128.0) Gecko/20100101 Firefox/128.0,Firefox,"Wed, 12 Mar 2025 09:54:26 +0000",198237,SUCCESS,2.0,3.0,2.0,3.0,1.0,5.0,3.0,3.0,5.0,5.0
90b16a28-0c7f-4268-8081-c5bafe0aa7f9,WqFs5J,FR,Desktop,"Mozilla/5.0 (Windows NT 10.0; Win64; x64) AppleWebKit/537.36 (KHTML, like Gecko) Chrome/134.0.0.0 Safari/537.36",Chrome,"Wed, 12 Mar 2025 09:54:29 +0000",153887,SUCCESS,3.0,1.0,2.0,4.0,3.0,2.0,3.0,4.0,2.0,6.0
480ded2c-b862-4ad5-80ec-063bcae9574a,x4HrRM,FR,Desktop,"Mozilla/5.0 (Windows NT 10.0; Win64; x64) AppleWebKit/537.36 (KHTML, like Gecko) Chrome/134.0.0.0 Safari/537.36",Chrome,"Wed, 12 Mar 2025 09:55:06 +0000",158533,SUCCESS,1.0,3.0,2.0,1.0,3.0,1.0,5.0,4.0,4.0,3.0
fe568465-d35b-4201-ae63-67d383b66f6f,80U2eh,FR,Desktop,Mozilla/5.0 (Windows NT 10.0; Win64; x64; rv:128.0) Gecko/20100101 Firefox/128.0,Firefox,"Wed, 12 Mar 2025 09:55:10 +0000",340,DROP_OFF,4.0,2.0,,,,,,,,
4271b67b-9813-49b8-9cf5-73d35924cf22,C6t0wo,FR,Desktop,Mozilla/5.0 (Windows NT 10.0; Win64; x64; rv:128.0) Gecko/20100101 Firefox/128.0,Firefox,"Wed, 12 Mar 2025 09:55:39 +0000",44,DROP_OFF,1.0,2.0,2.0,1.0,1.0,1.0,5.0,2.0,2.0,1.0
4448bf02-9668-4e82-a995-eb8afb27695c,eDooup,FR,Desktop,"Mozilla/5.0 (Windows NT 10.0; Win64; x64) AppleWebKit/537.36 (KHTML, like Gecko) Chrome/134.0.0.0 Safari/537.36",Chrome,"Wed, 12 Mar 2025 09:55:46 +0000",216890,SUCCESS,2.0,2.0,2.0,3.0,3.0,1.0,3.0,4.0,2.0,3.0
473038b9-f7d4-42fa-847b-bf6227959fca,QcUVmP,FR,Desktop,Mozilla/5.0 (Windows NT 10.0; Win64; x64; rv:136.0) Gecko/20100101 Firefox/136.0,Firefox,"Wed, 12 Mar 2025 09:55:55 +0000",128779,SUCCESS,1.0,1.0,2.0,1.0,1.0,1.0,1.0,1.0,1.0,0.0
95714873-57ea-4f2c-a2a3-d14cf75c1045,kB5tHW,FR,Desktop,"Mozilla/5.0 (Windows NT 10.0; Win64; x64) AppleWebKit/537.36 (KHTML, like Gecko) Chrome/133.0.0.0 Safari/537.36",Chrome,"Wed, 12 Mar 2025 09:56:43 +0000",525021,SUCCESS,4.0,1.0,2.0,3.0,4.0,5.0,3.0,5.0,4.0,8.0
10586e0d-1fad-4833-ba41-435bb8c161fb,p87YJ7,FR,Mobile,"Mozilla/5.0 (Linux; Android 10; K) AppleWebKit/537.36 (KHTML, like Gecko) Chrome/133.0.0.0 Mobile Safari/537.36",Chrome,"Wed, 12 Mar 2025 09:56:46 +0000",373059,SUCCESS,1.0,3.0,1.0,1.0,1.0,1.0,5.0,1.0,1.0,0.0
3203ef8c-a16f-4ed5-973c-9278290f5dcc,d2L1tC,FR,Desktop,"Mozilla/5.0 (Macintosh; Intel Mac OS X 10_15_7) AppleWebKit/537.36 (KHTML, like Gecko) Chrome/131.0.0.0 Safari/537.36",Chrome,"Wed, 12 Mar 2025 09:56:50 +0000",176647,SUCCESS,5.0,1.0,2.0,5.0,5.0,5.0,1.0,5.0,4.0,10.0
c3d78aac-f6db-4b24-a9fa-e82e63f71026,Zbo2Q9,FR,Desktop,"Mozilla/5.0 (Windows NT 10.0; Win64; x64) AppleWebKit/537.36 (KHTML, like Gecko) Chrome/134.0.0.0 Safari/537.36",Chrome,"Wed, 12 Mar 2025 09:56:56 +0000",25553,DROP_OFF,3.0,,,,,,,,,
5b48622d-310c-4807-88b8-7c60573aa26a,03xzsf,FR,Mobile,"Mozilla/5.0 (Linux; Android 10; K) AppleWebKit/537.36 (KHTML, like Gecko) Chrome/133.0.0.0 Mobile Safari/537.36",Chrome,"Wed, 12 Mar 2025 09:56:57 +0000",100012,SUCCESS,2.0,2.0,2.0,3.0,1.0,2.0,2.0,2.0,2.0,4.0
b7c26dc7-ee0d-451c-8c57-be179e4ac133,r4fIpL,FR,Desktop,"Mozilla/5.0 (Windows NT 10.0; Win64; x64) AppleWebKit/537.36 (KHTML, like Gecko) Chrome/134.0.0.0 Safari/537.36",Chrome,"Wed, 12 Mar 2025 09:57:07 +0000",148212,SUCCESS,2.0,1.0,1.0,3.0,1.0,2.0,5.0,4.0,1.0,5.0
44673815-a4d1-4e79-bca7-50c456e6e10f,PZxpqm,FR,Desktop,Mozilla/5.0 (Macintosh; Intel Mac OS X 10.15; rv:136.0) Gecko/20100101 Firefox/136.0,Firefox,"Wed, 12 Mar 2025 09:57:11 +0000",5530136,DROP_OFF,1.0,,,,,,,,,
9831920b-806a-4ba4-a77d-e61b7fddbb06,2Rqcvr,FR,Desktop,"Mozilla/5.0 (Windows NT 10.0; Win64; x64) AppleWebKit/537.36 (KHTML, like Gecko) Chrome/134.0.0.0 Safari/537.36",Chrome,"Wed, 12 Mar 2025 09:57:25 +0000",251575,SUCCESS,1.0,2.0,2.0,1.0,1.0,1.0,5.0,1.0,1.0,1.0
d86a6482-6652-4756-bed7-108ce9167ccb,0A3j1M,FR,Desktop,Mozilla/5.0 (Windows NT 10.0; Win64; x64; rv:128.0) Gecko/20100101 Firefox/128.0,Firefox,"Wed, 12 Mar 2025 09:57:55 +0000",394275,SUCCESS,1.0,1.0,2.0,1.0,1.0,4.0,5.0,1.0,1.0,0.0
9f9f980a-cb35-4f7d-8ec7-e927f6c33124,c4l49n,FR,Desktop,Mozilla/5.0 (X11; Ubuntu; Linux x86_64; rv:134.0) Gecko/20100101 Firefox/134.0,Firefox,"Wed, 12 Mar 2025 09:58:10 +0000",78113,SUCCESS,1.0,1.0,2.0,1.0,1.0,1.0,5.0,4.0,3.0,0.0
ce7bbe8f-512c-491b-9c3c-a9f332d2a7fc,KPpLdP,FR,Desktop,"Mozilla/5.0 (Windows NT 10.0; Win64; x64) AppleWebKit/537.36 (KHTML, like Gecko) Chrome/134.0.0.0 Safari/537.36",Chrome,"Wed, 12 Mar 2025 09:58:17 +0000",148949,SUCCESS,4.0,2.0,2.0,3.0,3.0,1.0,3.0,3.0,2.0,6.0
5211e6f1-344a-4047-844d-3d8b76f0f37b,5AZZAb,FR,Desktop,Mozilla/5.0 (Windows NT 10.0; Win64; x64; rv:136.0) Gecko/20100101 Firefox/136.0,Firefox,"Wed, 12 Mar 2025 09:58:27 +0000",128318,SUCCESS,1.0,1.0,2.0,1.0,2.0,2.0,4.0,2.0,2.0,1.0
eb049e02-38b7-4565-82b4-0fa7d6b7f207,Ai8jhL,FR,Desktop,"Mozilla/5.0 (Windows NT 10.0; Win64; x64) AppleWebKit/537.36 (KHTML, like Gecko) Chrome/134.0.0.0 Safari/537.36",Chrome,"Wed, 12 Mar 2025 09:58:41 +0000",332394,DROP_OFF,2.0,2.0,1.0,2.0,1.0,1.0,4.0,2.0,1.0,2.0
d872b7da-3684-4ebd-bd14-8e480d3bef66,ALsimt,FR,Desktop,"Mozilla/5.0 (Windows NT 10.0; Win64; x64) AppleWebKit/537.36 (KHTML, like Gecko) Chrome/134.0.0.0 Safari/537.36",Chrome,"Wed, 12 Mar 2025 09:58:44 +0000",108381,SUCCESS,2.0,2.0,2.0,2.0,4.0,2.0,3.0,3.0,3.0,5.0
73465856-662e-4970-8703-24e1b9a8bfcc,MRenxn,FR,Desktop,"Mozilla/5.0 (Windows NT 10.0; Win64; x64) AppleWebKit/537.36 (KHTML, like Gecko) Chrome/134.0.0.0 Safari/537.36",Chrome,"Wed, 12 Mar 2025 09:58:56 +0000",219735,SUCCESS,4.0,1.0,1.0,4.0,1.0,5.0,3.0,5.0,1.0,6.0
2a341713-b031-4a7d-b227-cff56bb67bee,CpcckE,FR,Desktop,Mozilla/5.0 (Windows NT 10.0; Win64; x64; rv:136.0) Gecko/20100101 Firefox/136.0,Firefox,"Wed, 12 Mar 2025 09:58:58 +0000",82809,SUCCESS,2.0,1.0,2.0,3.0,5.0,2.0,2.0,4.0,3.0,5.0
ed5490eb-abef-4dcc-890e-025bdb42b9a0,3niTM4,FR,Desktop,"Mozilla/5.0 (Windows NT 10.0; Win64; x64) AppleWebKit/537.36 (KHTML, like Gecko) Chrome/134.0.0.0 Safari/537.36",Chrome,"Wed, 12 Mar 2025 09:59:07 +0000",279702,SUCCESS,5.0,1.0,2.0,4.0,2.0,5.0,3.0,2.0,4.0,8.0
6c43b0e4-91af-4558-ac83-146ed3d7c09c,S9Z6ws,FR,Desktop,Mozilla/5.0 (Macintosh; Intel Mac OS X 10.15; rv:136.0) Gecko/20100101 Firefox/136.0,Firefox,"Wed, 12 Mar 2025 09:59:08 +0000",326315,SUCCESS,2.0,1.0,1.0,3.0,3.0,2.0,3.0,4.0,2.0,6.0
e6ea2851-a172-40e8-a993-81436cf60bc0,AE7OMC,FR,Desktop,"Mozilla/5.0 (Windows NT 10.0; Win64; x64) AppleWebKit/537.36 (KHTML, like Gecko) Chrome/134.0.0.0 Safari/537.36",Chrome,"Wed, 12 Mar 2025 09:59:19 +0000",127527,SUCCESS,2.0,2.0,2.0,4.0,3.0,2.0,3.0,2.0,5.0,7.0
231677f0-5902-4375-8504-3d748a10b482,eVeS7i,FR,Desktop,"Mozilla/5.0 (Macintosh; Intel Mac OS X 10_15_7) AppleWebKit/537.36 (KHTML, like Gecko) Chrome/134.0.0.0 Safari/537.36",Chrome,"Wed, 12 Mar 2025 09:59:35 +0000",73000,SUCCESS,1.0,1.0,2.0,2.0,1.0,2.0,5.0,1.0,1.0,4.0
25c6631c-dafd-4995-b98c-2d85bebc699c,BeWKXs,FR,Desktop,"Mozilla/5.0 (Windows NT 10.0; Win64; x64) AppleWebKit/537.36 (KHTML, like Gecko) Chrome/134.0.0.0 Safari/537.36 Edg/134.0.0.0",Edge,"Wed, 12 Mar 2025 09:59:38 +0000",199461,SUCCESS,1.0,2.0,2.0,1.0,1.0,1.0,5.0,1.0,1.0,0.0
2cadfbbd-77f8-41be-b492-fba9454d9798,kqM0zn,FR,Desktop,Mozilla/5.0 (Windows NT 10.0; Win64; x64; rv:128.0) Gecko/20100101 Firefox/128.0,Firefox,"Wed, 12 Mar 2025 09:59:43 +0000",141251,SUCCESS,2.0,2.0,2.0,2.0,1.0,2.0,5.0,2.0,1.0,3.0
e43177b5-ee38-4076-8e92-4ccccf483f27,AOoWRY,FR,Desktop,"Mozilla/5.0 (Windows NT 10.0; Win64; x64) AppleWebKit/537.36 (KHTML, like Gecko) Chrome/134.0.0.0 Safari/537.36",Chrome,"Wed, 12 Mar 2025 09:59:44 +0000",477928,SUCCESS,1.0,2.0,1.0,1.0,1.0,1.0,2.0,4.0,4.0,5.0
af672c55-fdfa-4cfe-9326-4e945ba37495,WRwqQL,FR,Desktop,"Mozilla/5.0 (Windows NT 10.0; Win64; x64) AppleWebKit/537.36 (KHTML, like Gecko) Chrome/133.0.0.0 Safari/537.36",Chrome,"Wed, 12 Mar 2025 09:59:44 +0000",188526,SUCCESS,4.0,3.0,1.0,1.0,4.0,1.0,3.0,4.0,2.0,6.0
20ea076c-1e32-4239-82fe-ec0618007641,E0rDBF,FR,Desktop,Mozilla/5.0 (X11; Linux x86_64; rv:128.0) Gecko/20100101 Firefox/128.0,Firefox,"Wed, 12 Mar 2025 10:00:32 +0000",150908,SUCCESS,4.0,1.0,2.0,3.0,2.0,2.0,4.0,4.0,2.0,2.0
76c1061e-67e0-4448-9fce-2547020f5177,mZTskJ,FR,Desktop,Mozilla/5.0 (Windows NT 10.0; Win64; x64; rv:128.0) Gecko/20100101 Firefox/128.0,Firefox,"Wed, 12 Mar 2025 10:01:07 +0000",120137,SUCCESS,3.0,3.0,2.0,2.0,2.0,1.0,3.0,2.0,2.0,6.0
34b03878-5dbc-463c-8413-cb43bd81a19d,1mbORk,FR,Desktop,"Mozilla/5.0 (Windows NT 10.0; Win64; x64) AppleWebKit/537.36 (KHTML, like Gecko) Chrome/134.0.0.0 Safari/537.36",Chrome,"Wed, 12 Mar 2025 10:01:18 +0000",134,DROP_OFF,3.0,1.0,,,,,,,,
b04cd083-3be0-4d71-8508-5e1076d73c05,eZgOGk,FR,Desktop,"Mozilla/5.0 (Windows NT 10.0; Win64; x64) AppleWebKit/537.36 (KHTML, like Gecko) Chrome/133.0.0.0 Safari/537.36",Chrome,"Wed, 12 Mar 2025 10:01:23 +0000",103797,SUCCESS,2.0,2.0,2.0,2.0,2.0,1.0,5.0,4.0,1.0,1.0
53d93b23-21c8-49d9-b3aa-868a8cc5c61f,Hnlw1J,FR,Desktop,"Mozilla/5.0 (Windows NT 10.0; Win64; x64) AppleWebKit/537.36 (KHTML, like Gecko) Chrome/134.0.0.0 Safari/537.36",Chrome,"Wed, 12 Mar 2025 10:01:29 +0000",209603,SUCCESS,1.0,2.0,2.0,1.0,1.0,1.0,5.0,1.0,1.0,1.0
6f3261f8-e11d-4b6d-a474-24cfe8d0d799,eHbgHK,FR,Desktop,Mozilla/5.0 (Windows NT 10.0; Win64; x64; rv:135.0) Gecko/20100101 Firefox/135.0,Firefox,"Wed, 12 Mar 2025 10:01:37 +0000",36205,DROP_OFF,1.0,2.0,,,,,,,,
a633b1a6-5625-42c0-a103-f377ad1382c7,M2tQBH,FR,Desktop,Mozilla/5.0 (Macintosh; Intel Mac OS X 10.15; rv:128.0) Gecko/20100101 Firefox/128.0,Firefox,"Wed, 12 Mar 2025 10:01:54 +0000",141590,SUCCESS,1.0,1.0,2.0,2.0,2.0,4.0,4.0,5.0,4.0,6.0
c6e3c558-6022-4ae1-9142-3e18aa6212ad,RtdlOc,FR,Mobile,"Mozilla/5.0 (iPhone; CPU iPhone OS 18_3_1 like Mac OS X) AppleWebKit/605.1.15 (KHTML, like Gecko) Version/18.3 Mobile/15E148 Safari/604.1",Mobile Safari,"Wed, 12 Mar 2025 10:02:07 +0000",288943,SUCCESS,2.0,1.0,2.0,4.0,1.0,4.0,3.0,3.0,2.0,4.0
9d877d8b-1f16-40a5-a726-7f7bde4fb3d0,Xe4x3X,FR,Desktop,Mozilla/5.0 (Windows NT 10.0; Win64; x64; rv:135.0) Gecko/20100101 Firefox/135.0,Firefox,"Wed, 12 Mar 2025 10:02:20 +0000",197542,SUCCESS,1.0,1.0,2.0,1.0,4.0,1.0,5.0,1.0,1.0,0.0
0500d767-849e-4c2f-abd9-21d1b2724a96,DvRMwH,FR,Desktop,Mozilla/5.0 (Windows NT 10.0; Win64; x64; rv:136.0) Gecko/20100101 Firefox/136.0,Firefox,"Wed, 12 Mar 2025 10:02:35 +0000",26692,DROP_OFF,3.0,,,,,,,,,
aa5b3c97-d351-4439-bf02-3f98dfca3233,qU6TOG,FR,Desktop,"Mozilla/5.0 (Windows NT 10.0; Win64; x64) AppleWebKit/537.36 (KHTML, like Gecko) Chrome/134.0.0.0 Safari/537.36",Chrome,"Wed, 12 Mar 2025 10:03:27 +0000",87407,DROP_OFF,4.0,2.0,2.0,4.0,1.0,4.0,4.0,4.0,4.0,9.0
8c7c6927-010f-45f1-b5ba-e3b9d933c6fb,SVXvdK,FR,Desktop,Mozilla/5.0 (Windows NT 10.0; Win64; x64; rv:128.0) Gecko/20100101 Firefox/128.0,Firefox,"Wed, 12 Mar 2025 10:03:57 +0000",259100,SUCCESS,2.0,1.0,2.0,2.0,2.0,1.0,4.0,3.0,2.0,3.0
c45916b4-6a97-42b7-a9ce-6d5e25a85bd3,Biwh7T,FR,Desktop,Mozilla/5.0 (Windows NT 10.0; Win64; x64; rv:136.0) Gecko/20100101 Firefox/136.0,Firefox,"Wed, 12 Mar 2025 10:04:04 +0000",131335,SUCCESS,3.0,3.0,1.0,3.0,3.0,5.0,3.0,4.0,2.0,2.0
79fb2857-8eec-4ced-8d59-a7c3aa21bc00,5pgcQk,FR,Desktop,"Mozilla/5.0 (Windows NT 10.0; Win64; x64) AppleWebKit/537.36 (KHTML, like Gecko) Chrome/134.0.0.0 Safari/537.36",Chrome,"Wed, 12 Mar 2025 10:04:14 +0000",149623,SUCCESS,1.0,2.0,2.0,2.0,2.0,4.0,5.0,1.0,1.0,0.0
310f697d-6747-48ed-aed1-d2019d385bbd,wjX50S,FR,Desktop,"Mozilla/5.0 (Windows NT 10.0; Win64; x64) AppleWebKit/537.36 (KHTML, like Gecko) Chrome/134.0.0.0 Safari/537.36",Chrome,"Wed, 12 Mar 2025 10:04:35 +0000",103992,SUCCESS,5.0,2.0,2.0,4.0,5.0,4.0,1.0,5.0,4.0,9.0
31f7ccf5-7ad3-40d1-a271-6aac8fef7647,5UduaX,FR,Desktop,"Mozilla/5.0 (Windows NT 10.0; Win64; x64) AppleWebKit/537.36 (KHTML, like Gecko) Chrome/134.0.0.0 Safari/537.36",Chrome,"Wed, 12 Mar 2025 10:04:39 +0000",187079,SUCCESS,2.0,2.0,1.0,2.0,2.0,1.0,4.0,2.0,1.0,2.0
7674048d-3d28-4539-aa5f-f5e332ac7196,wEsaL1,FR,Desktop,Mozilla/5.0 (Windows NT 10.0; Win64; x64; rv:128.0) Gecko/20100101 Firefox/128.0,Firefox,"Wed, 12 Mar 2025 10:04:46 +0000",332395,SUCCESS,2.0,2.0,1.0,1.0,2.0,1.0,4.0,4.0,1.0,5.0
e6042622-4bc0-4f50-acb0-639421322ab5,lZ6wIR,FR,Desktop,"Mozilla/5.0 (Windows NT 10.0; Win64; x64) AppleWebKit/537.36 (KHTML, like Gecko) Chrome/130.0.0.0 Safari/537.36",Chrome,"Wed, 12 Mar 2025 10:04:51 +0000",167231,SUCCESS,5.0,1.0,2.0,4.0,5.0,5.0,2.0,2.0,2.0,8.0
9ea3494a-1b6d-441e-9761-3413b6bd253f,GVDkJa,FR,Desktop,Mozilla/5.0 (Windows NT 10.0; Win64; x64; rv:128.0) Gecko/20100101 Firefox/128.0,Firefox,"Wed, 12 Mar 2025 10:05:05 +0000",35522,DROP_OFF,3.0,,,,,,,,,
99f0343f-7b40-4c24-97d3-3d3273b39d1f,lshYuz,FR,Desktop,Mozilla/5.0 (Windows NT 10.0; Win64; x64; rv:128.0) Gecko/20100101 Firefox/128.0,Firefox,"Wed, 12 Mar 2025 10:05:18 +0000",108567,SUCCESS,1.0,3.0,2.0,3.0,1.0,5.0,4.0,1.0,2.0,2.0
d5cefb68-165e-44e7-91a9-07b56d82a3f0,Vnz34V,FR,Desktop,"Mozilla/5.0 (Windows NT 10.0; Win64; x64) AppleWebKit/537.36 (KHTML, like Gecko) Chrome/134.0.0.0 Safari/537.36",Chrome,"Wed, 12 Mar 2025 10:05:52 +0000",551892,SUCCESS,2.0,1.0,2.0,4.0,2.0,4.0,4.0,4.0,2.0,3.0
8931f17a-5070-4398-a855-4f136c10e282,zQd2Pf,FR,Desktop,"Mozilla/5.0 (Windows NT 10.0; Win64; x64) AppleWebKit/537.36 (KHTML, like Gecko) Chrome/134.0.0.0 Safari/537.36",Chrome,"Wed, 12 Mar 2025 10:05:56 +0000",504265,SUCCESS,2.0,3.0,1.0,1.0,1.0,2.0,4.0,5.0,1.0,3.0
62be1f77-5337-435b-84af-d5e2c1c5e9ca,3s79JT,FR,Desktop,Mozilla/5.0 (Windows NT 10.0; Win64; x64; rv:136.0) Gecko/20100101 Firefox/136.0,Firefox,"Wed, 12 Mar 2025 10:06:27 +0000",836671,SUCCESS,3.0,3.0,1.0,1.0,4.0,1.0,4.0,4.0,2.0,7.0
730a9a62-1a64-4cdc-8b3e-3ab6939f68e4,MXCUZ7,FR,Desktop,"Mozilla/5.0 (Windows NT 10.0; Win64; x64) AppleWebKit/537.36 (KHTML, like Gecko) Chrome/134.0.0.0 Safari/537.36",Chrome,"Wed, 12 Mar 2025 10:06:30 +0000",111752,DROP_OFF,3.0,2.0,1.0,3.0,,,,,,
051e39ab-b5d4-480b-b256-d584e76e47ba,IKwAil,FR,Desktop,"Mozilla/5.0 (Windows NT 10.0; Win64; x64) AppleWebKit/537.36 (KHTML, like Gecko) Chrome/134.0.0.0 Safari/537.36",Chrome,"Wed, 12 Mar 2025 10:06:52 +0000",302038,SUCCESS,4.0,1.0,2.0,4.0,2.0,1.0,4.0,4.0,4.0,7.0
462eda47-3c8d-49ef-8cfc-ae4727e1b366,mtTWnp,FR,Desktop,"Mozilla/5.0 (Windows NT 10.0; Win64; x64) AppleWebKit/537.36 (KHTML, like Gecko) Chrome/134.0.0.0 Safari/537.36",Chrome,"Wed, 12 Mar 2025 10:07:13 +0000",222926,SUCCESS,4.0,1.0,2.0,4.0,2.0,5.0,4.0,4.0,2.0,7.0
d309d186-7b56-42ac-ac5b-14f0527515c9,acQwAg,FR,Desktop,Mozilla/5.0 (Windows NT 10.0; Win64; x64; rv:128.0) Gecko/20100101 Firefox/128.0,Firefox,"Wed, 12 Mar 2025 10:07:23 +0000",307106,SUCCESS,1.0,1.0,2.0,2.0,2.0,2.0,5.0,3.0,2.0,4.0
5522e14d-a6d1-4059-a3ed-fd2d6771bf09,R0DqBg,FR,Desktop,"Mozilla/5.0 (Windows NT 10.0; Win64; x64) AppleWebKit/537.36 (KHTML, like Gecko) Chrome/134.0.0.0 Safari/537.36",Chrome,"Wed, 12 Mar 2025 10:07:30 +0000",148989,SUCCESS,1.0,2.0,2.0,4.0,3.0,1.0,3.0,3.0,1.0,5.0
ac366b7f-5126-4c37-bf5f-aa27f33af2ae,lZVX6M,FR,Desktop,Mozilla/5.0 (Windows NT 10.0; Win64; x64; rv:128.0) Gecko/20100101 Firefox/128.0,Firefox,"Wed, 12 Mar 2025 10:07:52 +0000",268469,SUCCESS,2.0,1.0,1.0,1.0,3.0,1.0,1.0,5.0,4.0,5.0
1539404f-326a-4c95-bf2c-2270e8f0b845,0LSVzl,FR,Desktop,Mozilla/5.0 (Windows NT 10.0; Win64; x64; rv:128.0) Gecko/20100101 Firefox/128.0,Firefox,"Wed, 12 Mar 2025 10:08:01 +0000",130984,DROP_OFF,1.0,3.0,2.0,2.0,2.0,1.0,5.0,4.0,1.0,1.0
b3ee465d-66b9-45ae-84d2-bf66fc7d0f22,cjHoKX,FR,Desktop,"Mozilla/5.0 (Windows NT 10.0; Win64; x64) AppleWebKit/537.36 (KHTML, like Gecko) Chrome/134.0.0.0 Safari/537.36",Chrome,"Wed, 12 Mar 2025 10:08:32 +0000",44966,DROP_OFF,5.0,,,,,,,,,
df909344-b2cc-4a85-80d5-7b7a936065c9,mnB0ym,FR,Desktop,"Mozilla/5.0 (Windows NT 10.0; Win64; x64) AppleWebKit/537.36 (KHTML, like Gecko) Chrome/133.0.0.0 Safari/537.36",Chrome,"Wed, 12 Mar 2025 10:08:42 +0000",112718,SUCCESS,3.0,2.0,2.0,3.0,3.0,2.0,3.0,3.0,4.0,6.0
aaa23df2-ccaa-48e4-b3e5-7b68dd96c370,JCiPBs,FR,Desktop,Mozilla/5.0 (Windows NT 10.0; Win64; x64; rv:128.0) Gecko/20100101 Firefox/128.0,Firefox,"Wed, 12 Mar 2025 10:09:42 +0000",584347,SUCCESS,3.0,2.0,2.0,4.0,4.0,2.0,3.0,2.0,4.0,6.0
cdb90fe0-cdb5-4513-aa06-bc82cc7ed71e,PjIkXI,FR,Desktop,"Mozilla/5.0 (Windows NT 10.0; Win64; x64) AppleWebKit/537.36 (KHTML, like Gecko) Chrome/134.0.0.0 Safari/537.36",Chrome,"Wed, 12 Mar 2025 10:11:06 +0000",134409,SUCCESS,4.0,1.0,2.0,4.0,3.0,2.0,4.0,5.0,2.0,5.0
5ac72097-2fde-47a2-a00c-3bf5f047e3d7,7PwJOa,FR,Desktop,"Mozilla/5.0 (Windows NT 10.0; Win64; x64) AppleWebKit/537.36 (KHTML, like Gecko) Chrome/134.0.0.0 Safari/537.36",Chrome,"Wed, 12 Mar 2025 10:11:08 +0000",135709,SUCCESS,1.0,2.0,2.0,3.0,4.0,1.0,4.0,4.0,2.0,3.0
5c26ca4a-500c-4cc9-8dda-8971a3c013ec,sTgW3I,FR,Desktop,"Mozilla/5.0 (Windows NT 10.0; Win64; x64) AppleWebKit/537.36 (KHTML, like Gecko) Chrome/134.0.0.0 Safari/537.36",Chrome,"Wed, 12 Mar 2025 10:11:11 +0000",192422,SUCCESS,4.0,2.0,1.0,3.0,4.0,5.0,4.0,5.0,2.0,7.0
694f707d-e92c-4303-90eb-c48ccd754723,wdVVrl,FR,Desktop,"Mozilla/5.0 (Windows NT 10.0; Win64; x64) AppleWebKit/537.36 (KHTML, like Gecko) Chrome/133.0.0.0 Safari/537.36",Chrome,"Wed, 12 Mar 2025 10:11:23 +0000",131054,SUCCESS,2.0,1.0,2.0,2.0,1.0,1.0,5.0,2.0,4.0,2.0
5bb97e6e-06c0-4f2c-848b-0937cd7a18de,GIGUxc,FR,Desktop,"Mozilla/5.0 (Windows NT 10.0; Win64; x64) AppleWebKit/537.36 (KHTML, like Gecko) Chrome/134.0.0.0 Safari/537.36",Chrome,"Wed, 12 Mar 2025 10:11:35 +0000",172524,SUCCESS,2.0,1.0,1.0,1.0,1.0,2.0,3.0,3.0,2.0,3.0
91c777a5-a19a-4732-b40e-9ef6cc4e6cdd,MGVdBy,FR,Desktop,Mozilla/5.0 (Windows NT 10.0; Win64; x64; rv:128.0) Gecko/20100101 Firefox/128.0,Firefox,"Wed, 12 Mar 2025 10:12:22 +0000",328439,SUCCESS,2.0,1.0,2.0,4.0,1.0,2.0,2.0,5.0,3.0,8.0
a1ff4f43-7d75-4cc7-b856-d319d9a23454,X3fxp7,FR,Desktop,Mozilla/5.0 (Windows NT 10.0; Win64; x64; rv:128.0) Gecko/20100101 Firefox/128.0,Firefox,"Wed, 12 Mar 2025 10:12:28 +0000",470195,SUCCESS,4.0,1.0,2.0,3.0,4.0,1.0,3.0,4.0,2.0,6.0
1f1feef6-a3fb-491e-8169-c0eabb22d11c,5lk4lW,FR,Desktop,"Mozilla/5.0 (Windows NT 10.0; Win64; x64) AppleWebKit/537.36 (KHTML, like Gecko) Chrome/134.0.0.0 Safari/537.36",Chrome,"Wed, 12 Mar 2025 10:12:55 +0000",72339,DROP_OFF,4.0,3.0,,,,,,,,
853864d0-b16a-48ea-8c39-8541827c2e41,skGLch,FR,Desktop,"Mozilla/5.0 (Windows NT 10.0; Win64; x64) AppleWebKit/537.36 (KHTML, like Gecko) Chrome/134.0.0.0 Safari/537.36",Chrome,"Wed, 12 Mar 2025 10:13:18 +0000",294274,SUCCESS,3.0,1.0,2.0,4.0,4.0,4.0,3.0,5.0,2.0,5.0
